{
"children":
[
	{ "name": "D3.js", 	"weight": 100 },
	{ "name": "Echarts.js", 	"weight": 77 },
	{ "name": "JavaScript", 	"weight": 70 },
	{ "name": "C/C++", 	"weight": 66 },
	{ "name": "Java", 	"weight": 66 },
	{ "name": "PHP", 	"weight": 56 },
	{ "name": "Ruby", 	"weight": 69 },
	{ "name": "Python", 	"weight": 73 },
	{ "name": "Windows", 	"weight": 44 },
	{ "name": "Linux", 	"weight": 90 },
	{ "name": "Unix", 	"weight": 85 },
	{ "name": "Mac OS", 	"weight": 12 },
	{ "name": "Ubuntu", 	"weight": 21 },
	{ "name": "CentOS", 	"weight": 13 },
	{ "name": "RedHat", 	"weight": 12 },
	{ "name": "JSON", 	"weight": 40 },
	{ "name": "Lua", 	"weight": 53 },
	{ "name": "XML", 	"weight": 20 },
	{ "name": "JQuery", 	"weight": 44 },
	{ "name": "WebGL", 	"weight": 45 },
	{ "name": "AngularJS", 	"weight": 44 },
	{ "name": "ajax", 	"weight": 20 },
	{ "name": "Node.js", 	"weight": 78 },
	{ "name": "Hadoop", 	"weight": 80 },
	{ "name": "Git", 		"weight": 93 },
	{ "name": "Shell", 	"weight": 34 },
	{ "name": "Go", 		"weight": 54 },
	{ "name": "Swift", 	"weight": 24 },
	{ "name": "HTTP", 	"weight": 8 },
	{ "name": "TCP", 	"weight": 5 },
	{ "name": "Android", 	"weight": 14 },
	{ "name": "iOS", 	"weight": 10 }
]
}
